Bobs,Gryffindor,Beater
Burgers,Hufflepuff,Chaser
Forever,Slytherin,Seeker
Vivat,Ravenclaw,Keeper
Rodgers,Gryffindor,Beater
Gringo,Hufflepuff,Chaser
Hallelujah,Hufflepuff,Chaser
HallelujahHooray,Gryffindor,Beater
Test,Ravenclaw,Keeper
Final,Gryffindor,Beater
FinalFinal,Gryffindor,Beater
FinalForever,Gryffindor,Keeper
Victory,Gryffindor,Beater
Coolio,Slytherin,Keeper
Raid,Hufflepuff,Chaser
Test,Gryffindor,
Koko,Hufflepuff,
Keira,Hufflepuff,
Keira2,Slytherin,
lol,Slytherin,
ZZZ,Hufflepuff,
A1,Gryffindor,
A2,Hufflepuff,
Nameeee,Gryffindor,
Aladin,Gryffindor,
Aladin2,Hufflepuff,beater
Aladin3,Gryffindor,
,,
Finish,Gryffindor,beater
